{"cameraMode":{"drawMode":0,"name":"Shaded","section":"Shading Mode"},"sceneLighting":true,"audioPlay":false,"sceneViewState":{"m_AlwaysRefresh":false,"showFog":false,"showSkybox":true,"showFlares":false,"showImageEffects":false,"showParticleSystems":false,"showVisualEffectGraphs":true,"m_FxEnabled":true},"in2DMode":false,"pivot":{"x":1.9526578187942505,"y":0.6104155778884888,"z":-1.9495559930801392},"rotation":{"x":0.04048839583992958,"y":0.011972547508776188,"z":0.0007449808181263506,"w":-0.9992354512214661},"size":3.0946435928344728,"orthographic":false}