{"cameraMode":{"drawMode":0,"name":"Shaded","section":"Shading Mode"},"sceneLighting":true,"audioPlay":false,"sceneViewState":{"showFog":false,"showMaterialUpdate":false,"showSkybox":true,"showFlares":false,"showImageEffects":false,"showParticleSystems":false,"showVisualEffectGraphs":true,"m_FxEnabled":true},"in2DMode":false,"pivot":{"x":-2.2367630004882814,"y":0.3098840117454529,"z":-3.5265984535217287},"rotation":{"x":0.10633113235235214,"y":0.07152403146028519,"z":-0.007671424187719822,"w":0.9917341470718384},"size":2.035344362258911,"orthographic":false}