{"cameraMode":{"drawMode":0,"name":"Shaded","section":"Shading Mode"},"sceneLighting":true,"audioPlay":false,"sceneViewState":{"showFog":false,"showMaterialUpdate":false,"showSkybox":true,"showFlares":false,"showImageEffects":false,"showParticleSystems":false,"showVisualEffectGraphs":true,"m_FxEnabled":true},"in2DMode":false,"pivot":{"x":0.2461155354976654,"y":-0.6312222480773926,"z":-1.5937352180480958},"rotation":{"x":0.15378427505493165,"y":0.03615807369351387,"z":-0.005632155574858189,"w":0.9874333143234253},"size":4.138487339019775,"orthographic":false}