{"cameraMode":{"drawMode":0,"name":"Shaded","section":"Shading Mode"},"sceneLighting":true,"audioPlay":false,"sceneViewState":{"showFog":false,"showMaterialUpdate":false,"showSkybox":true,"showFlares":false,"showImageEffects":false,"showParticleSystems":false,"showVisualEffectGraphs":true,"m_FxEnabled":true},"in2DMode":false,"pivot":{"x":1.9325193166732789,"y":0.6787072420120239,"z":-1.1087549924850464},"rotation":{"x":0.04048839583992958,"y":0.011972547508776188,"z":0.0007449808181263506,"w":-0.9992354512214661},"size":0.3946438431739807,"orthographic":false}