{"cameraMode":{"drawMode":0,"name":"Shaded","section":"Shading Mode"},"sceneLighting":true,"audioPlay":false,"sceneViewState":{"showFog":false,"showMaterialUpdate":false,"showSkybox":true,"showFlares":false,"showImageEffects":false,"showParticleSystems":false},"in2DMode":false,"pivot":{"x":-35.791404724121097,"y":1.2948312759399415,"z":51.164459228515628},"rotation":{"x":0.06129824370145798,"y":-0.3682653307914734,"z":0.024336904287338258,"w":0.927391767501831},"size":48.340782165527347,"orthographic":false}