{"cameraMode":{"drawMode":0,"name":"Shaded","section":"Shading Mode"},"sceneLighting":true,"audioPlay":false,"sceneViewState":{"showFog":false,"showMaterialUpdate":false,"showSkybox":true,"showFlares":false,"showImageEffects":false,"showParticleSystems":false},"in2DMode":false,"pivot":{"x":22.321449279785158,"y":4.350979328155518,"z":24.075550079345704},"rotation":{"x":0.06888965517282486,"y":-0.5688049793243408,"z":0.0478922575712204,"w":0.8181841373443604},"size":1.8337092399597169,"orthographic":false}