{"cameraMode":{"drawMode":0,"name":"Shaded","section":"Shading Mode"},"sceneLighting":true,"audioPlay":false,"sceneViewState":{"showFog":false,"showMaterialUpdate":false,"showSkybox":true,"showFlares":false,"showImageEffects":false,"showParticleSystems":false},"in2DMode":false,"pivot":{"x":8.740333557128907,"y":11.50482177734375,"z":61.027137756347659},"rotation":{"x":0.23769541084766389,"y":-0.1508052796125412,"z":0.037383660674095157,"w":0.9588412046432495},"size":51.70819854736328,"orthographic":false}